<?xml version="1.0" encoding="utf-8"?>
<project name="yui-frameworks-air" basedir="." default="rsl">
	<property file="build.properties"/>
    <property file="flex3.properties"/>
	
	<property name="LIB_ROOT" value="${basedir}"/>
	<property name="LIB_NAME" value="${ant.project.name}"/>
    <property name="LIB_MAIN" value="${LIB_NAME}${FLEX_MXML_SUFFIX}"/>
    <property name="LIB_PUBLISH_DIR" value="${LIB_ROOT}${FLEX_SWC_OUTPUT}"/>
    <property name="LIB_PUBLISH_SWC_FILE" value="${LIB_NAME}-${LIB_VERSION}${FLEX_SWC_SUFFIX}"/>
    <property name="LIB_PUBLISH_SWF_FILE" value="${LIB_NAME}-${LIB_VERSION}${FLEX_SWF_SUFFIX}"/>
    <property name="LIB_PUBLISH_FILE" value="${LIB_NAME}_${LIB_VERSION}"/>
	
	<taskdef resource="flexTasks.tasks" classpath="${FLEX_TASKS_JAR}"/>

    <target name="clean">
        <delete dir="${LIB_PUBLISH_DIR}"/>
    </target>
    
    <target name="setup" depends="clean">
        <mkdir dir="${LIB_PUBLISH_DIR}"/>
    </target>
	
    <target name="manifest">
		<concat destfile = "${LIB_PUBLISH_DIR}/Manifest.xml" fixlastline = "yes" >
			<filelist dir = ".">
				<file name="${LIB_ROOT}/../yui-framework${FLEX_RESOURCES}/Manifest.xml"/>
				<file name="${LIB_ROOT}/../yui-air${FLEX_RESOURCES}/Manifest.xml"/>
			</filelist>
		</concat>
    	<replaceregexp file="${LIB_PUBLISH_DIR}/Manifest.xml" replace="" flags="gs" byline="false">
    		<regexp pattern="${line.separator}&lt;/componentPackage&gt;.*?&lt;componentPackage&gt;"/>
    	</replaceregexp>
    	<echo message="Create New Manifest is ${LIB_PUBLISH_DIR}/Manifest.xml "/>
    </target>
            
    <target name="compile" depends="setup,manifest">
        <compc 
            output="${LIB_PUBLISH_DIR}/${LIB_PUBLISH_SWC_FILE}"
            include-classes="${LIB_CLASSES}"
        	compute-digest="true"
        	incremental="false"
            debug="${LIB_DEBUG_MODE}"
        	optimize="${LIB_OPTIMIZE}"
        	target-player="10"
    	>
    		<define name="CONFIG::DEBUG" value="${LIB_DEBUG_MODE}"/>
    		<define name="CONFIG::DEBUG_EVENT" value="false"/>
            <load-config filename="${FLEX_HOME}/frameworks/flex-config.xml"/>
        	<source-path path-element="${LIB_ROOT}/../yui-core${FLEX_SRC}"/>
        	<source-path path-element="${LIB_ROOT}/../yui-framework${FLEX_SRC}"/>
    		<source-path path-element="${LIB_ROOT}/../yui-logging${FLEX_SRC}"/>
        	<source-path path-element="${LIB_ROOT}/../yui-service${FLEX_SRC}"/>
            <source-path path-element="${LIB_ROOT}/../yui-rpc${FLEX_SRC}"/>
            <source-path path-element="${LIB_ROOT}/../yui-air${FLEX_SRC}"/>

            <include-namespaces uri="http://akabana.seasar.org/yui/mxml/1.0" /> 
            
            <library-path dir="${FLEX_FRAMEWORK}/libs" append="true">
				<include name="air"/>   
            </library-path>
            
        	<namespace uri="http://akabana.seasar.org/yui/mxml/1.0" manifest="${LIB_PUBLISH_DIR}/Manifest.xml" /> 
            
        	<include-file name="locale/ja_JP/yui_framework.properties" path="${LIB_ROOT}/../yui-framework${FLEX_SRC}/locale/ja_JP/yui_framework.properties" /> 
            <include-file name="locale/ja_JP/conventions.properties" path="${LIB_ROOT}/../yui-framework${FLEX_SRC}/locale/ja_JP/conventions.properties" /> 
            <include-file name="locale/ja_JP/log4yui.properties" path="${LIB_ROOT}/../yui-framework${FLEX_SRC}/locale/ja_JP/log4yui.properties" /> 
            <include-file name="locale/ja_JP/application.properties" path="${LIB_ROOT}/../yui-framework${FLEX_SRC}/locale/ja_JP/application.properties" /> 
            <include-file name="locale/ja_JP/messages.properties" path="${LIB_ROOT}/../yui-framework${FLEX_SRC}/locale/ja_JP/messages.properties" /> 
            <include-file name="locale/ja_JP/errors.properties" path="${LIB_ROOT}/../yui-framework${FLEX_SRC}/locale/ja_JP/errors.properties" /> 

        	<include-file name="locale/en_US/yui_framework.properties" path="${LIB_ROOT}/../yui-framework${FLEX_SRC}/locale/en_US/yui_framework.properties" /> 
            <include-file name="locale/en_US/conventions.properties" path="${LIB_ROOT}/../yui-framework${FLEX_SRC}/locale/en_US/conventions.properties" /> 
            <include-file name="locale/en_US/log4yui.properties" path="${LIB_ROOT}/../yui-framework${FLEX_SRC}/locale/en_US/log4yui.properties" /> 
            <include-file name="locale/en_US/application.properties" path="${LIB_ROOT}/../yui-framework${FLEX_SRC}/locale/en_US/log4yui.properties" /> 
            <include-file name="locale/en_US/messages.properties" path="${LIB_ROOT}/../yui-framework${FLEX_SRC}/locale/en_US/log4yui.properties" /> 
            <include-file name="locale/en_US/errors.properties" path="${LIB_ROOT}/../yui-framework${FLEX_SRC}/locale/en_US/errors.properties" /> 

        	<include-file name="defaults.css" path="${LIB_ROOT}/../yui-framework${FLEX_SRC}/defaults.css" /> 
                    	
        	<external-library-path dir="${FLEX_FRAMEWORK}" append="true">
                <include name="libs" />
            </external-library-path>
            <external-library-path dir="${FLEX_FRAMEWORK}/libs" append="true">
				<include name="air"/>   
            </external-library-path>
        </compc>
    </target>
	
	<target name="rsl" depends="compile">
        <unzip
            src="${LIB_PUBLISH_DIR}/${LIB_PUBLISH_SWC_FILE}"
            dest="${LIB_PUBLISH_DIR}/${LIB_PUBLISH_FILE}" 
            />
		<java jar="${FLEX_HOME}/lib/optimizer.jar" fork="true" failonerror="true">
			  <jvmarg line="-ea -DAS3 -DAVMPLUS -Dflexlib=${FLEX_HOME}/frameworks -Xms32m -Xmx384m -Dsun.io.useCanonCaches=false" /> 
			  <arg line="'${LIB_PUBLISH_DIR}/${LIB_PUBLISH_FILE}/library.swf' --output '${LIB_PUBLISH_DIR}/${LIB_PUBLISH_SWF_FILE}' --keep-as3-metadata='Bindable,Managed,ChangeEvent,NonCommittingChangeEvent,Transient,RemoteClass' " /> 
		</java>
        <java jar="${FLEX_HOME}/lib/digest.jar" fork="true" failonerror="true"> 
               <jvmarg line="-ea -DAS3 -DAVMPLUS -Xms32m -Xmx384m -Dsun.io.useCanonCaches=false"/> 
               <arg line="--digest.rsl-file '${LIB_PUBLISH_DIR}/${LIB_PUBLISH_SWF_FILE}' --digest.swc-path '${LIB_PUBLISH_DIR}/${LIB_PUBLISH_SWC_FILE}'"/> 
        </java> 		
    </target>
    <!-- ================================= 
          target: dist              
         ================================= -->		
	<target name="dist" description="dist the project..">
		<zip zipfile="target/${LIB_NAME}-${LIB_VERSION}.zip">
			<zipfileset prefix="${LIB_NAME}" dir=".">
				<exclude name="**/target/**.zip"/>
				<exclude name="**/target/swc/**"/>
				<exclude name="**/target/swc/*/library.swf"/>
				<exclude name="**/target/swc/*/catalog.xml"/>
				<exclude name="**/lib/**"/>
				<exclude name="**/build.xml"/>
				<exclude name="**/pom.xml"/>
				<exclude name="**/build.properties"/>
				<exclude name="**/flex3.properties"/>
			</zipfileset>
			<zipfileset prefix="${LIB_NAME}" dir="../yui-core/">
				<include name="**/*.as" />
			</zipfileset>
			<zipfileset prefix="${LIB_NAME}" dir="../yui-framework/">
				<include name="**/*.as" />
				<include name="**/*.properties" />
			</zipfileset>
			<zipfileset prefix="${LIB_NAME}" dir="../yui-logging/">
				<include name="**/*.as" />
			</zipfileset>
			<zipfileset prefix="${LIB_NAME}" dir="../yui-service/">
				<include name="**/*.as" />
			</zipfileset>
			<zipfileset prefix="${LIB_NAME}" dir="../yui-rpc/">
				<include name="**/*.as" />
			</zipfileset>
			<zipfileset prefix="${LIB_NAME}/target/swc" dir="target/swc">
				<include name="*.swc"/>
				<include name="*.swf"/>
			</zipfileset>			
		</zip>
	</target>	
</project>
