<flex-config>
   <compiler>
      <accessible>false</accessible>
      <debug>false</debug>
      <keep-generated-actionscript>false</keep-generated-actionscript>
      <optimize>true</optimize>
   </compiler>

   <use-network>true</use-network>
   
   <metadata>
      <title>yui-frameworks</title>
      <description>http://akabana.sandbox.seasar.org/</description>
      <publisher>Seasar Foundation</publisher>
      <creator>e1arkw,nod</creator>
      <language>ja_JP</language>
   </metadata>
</flex-config>