<?xml version="1.0" encoding="UTF-8" standalone="no"?><flex-config includeAllClasses="false" useMultiPlatformConfig="false" version="1">  <includes>    <symbol>org.seasar.akabana.yui.logging.Level</symbol>    <symbol>org.seasar.akabana.yui.logging.Logger</symbol>    <symbol>org.seasar.akabana.yui.logging.LoggingData</symbol>    <symbol>org.seasar.akabana.yui.logging.appender.AppenderBase</symbol>    <symbol>org.seasar.akabana.yui.logging.appender.SimpleAppender</symbol>    <symbol>org.seasar.akabana.yui.logging.category.CategoryBase</symbol>    <symbol>org.seasar.akabana.yui.logging.category.SimpleCategory</symbol>    <symbol>org.seasar.akabana.yui.logging.config.AppenderConfig</symbol>    <symbol>org.seasar.akabana.yui.logging.config.CategoryConfig</symbol>    <symbol>org.seasar.akabana.yui.logging.config.Configuration</symbol>    <symbol>org.seasar.akabana.yui.logging.config.ConfigurationProvider</symbol>    <symbol>org.seasar.akabana.yui.logging.config.LayoutConfig</symbol>    <symbol>org.seasar.akabana.yui.logging.config.LevelConfig</symbol>    <symbol>org.seasar.akabana.yui.logging.config.LoggingSettings</symbol>    <symbol>org.seasar.akabana.yui.logging.config.ParamConfig</symbol>    <symbol>org.seasar.akabana.yui.logging.config.factory.DefaultConfigurationFactory</symbol>    <symbol>org.seasar.akabana.yui.logging.config.factory.IConfigurationFactory</symbol>    <symbol>org.seasar.akabana.yui.logging.config.factory.LogConfigurationFactory</symbol>    <symbol>org.seasar.akabana.yui.logging.config.factory.PropertiesConfigurationBuilder</symbol>    <symbol>org.seasar.akabana.yui.logging.layout.BasicPatternLayout</symbol>    <symbol>org.seasar.akabana.yui.logging.layout.LayoutBase</symbol>    <symbol>org.seasar.akabana.yui.logging.layout.PatternLayout</symbol>    <symbol>org.seasar.akabana.yui.logging.layout.SimpleLayout</symbol>    <symbol>org.seasar.akabana.yui.logging.mixin.LoggingMixin</symbol>  </includes>  </flex-config>