<?xml version="1.0" encoding="UTF-8" standalone="no"?><flex-config includeAllClasses="false" version="1">  <includes>    <symbol>findClass</symbol>    <symbol>getCanonicalName</symbol>    <symbol>getClassRef</symbol>    <symbol>org.seasar.akabana.yui.core.ClassLoader</symbol>    <symbol>org.seasar.akabana.yui.core.Environment</symbol>    <symbol>org.seasar.akabana.yui.core.error.ClassNotFoundError</symbol>    <symbol>org.seasar.akabana.yui.core.error.NotFoundError</symbol>    <symbol>org.seasar.akabana.yui.core.event.Command</symbol>    <symbol>org.seasar.akabana.yui.core.event.Notification</symbol>    <symbol>org.seasar.akabana.yui.core.event.dispatchEvent</symbol>    <symbol>org.seasar.akabana.yui.core.event.notify</symbol>    <symbol>org.seasar.akabana.yui.core.event.send</symbol>    <symbol>org.seasar.akabana.yui.core.logging.ILogger</symbol>    <symbol>org.seasar.akabana.yui.core.logging.ILoggerFactory</symbol>    <symbol>org.seasar.akabana.yui.core.reflection.AnnotatedObjectRef</symbol>    <symbol>org.seasar.akabana.yui.core.reflection.AnnotatedReflector</symbol>    <symbol>org.seasar.akabana.yui.core.reflection.ClassRef</symbol>    <symbol>org.seasar.akabana.yui.core.reflection.Constructor</symbol>    <symbol>org.seasar.akabana.yui.core.reflection.FunctionInvoker</symbol>    <symbol>org.seasar.akabana.yui.core.reflection.FunctionRef</symbol>    <symbol>org.seasar.akabana.yui.core.reflection.MetadataRef</symbol>    <symbol>org.seasar.akabana.yui.core.reflection.ObjectRef</symbol>    <symbol>org.seasar.akabana.yui.core.reflection.ParameterRef</symbol>    <symbol>org.seasar.akabana.yui.core.reflection.PropertyRef</symbol>    <symbol>org.seasar.akabana.yui.core.reflection.Reflector</symbol>    <symbol>org.seasar.akabana.yui.core.ns.yui_internal</symbol>    <symbol>org.seasar.akabana.yui.util.ArrayUtil</symbol>    <symbol>org.seasar.akabana.yui.util.StringUtil</symbol>    <symbol>org.seasar.akabana.yui.util.URLUtil</symbol>    <symbol>org.seasar.akabana.yui.core.data.Converter</symbol>    <symbol>convert</symbol>      <symbol>org.seasar.akabana.yui.framework.YuiApplicationConsts</symbol>    <symbol>org.seasar.akabana.yui.framework.YuiFrameworkGlobals</symbol>    <symbol>org.seasar.akabana.yui.framework.bridge.FrameworkBridge</symbol>    <symbol>org.seasar.akabana.yui.framework.bridge.IFrameworkBridgePlugin</symbol>    <symbol>org.seasar.akabana.yui.framework.convention.NamingConvention</symbol>    <symbol>org.seasar.akabana.yui.framework.core.ILifeCyclable</symbol>    <symbol>org.seasar.akabana.yui.framework.core.IYuiFrameworkController</symbol>    <symbol>org.seasar.akabana.yui.framework.core.ViewComponentRepository</symbol>    <symbol>org.seasar.akabana.yui.framework.core.YuiFrameworkController</symbol>    <symbol>org.seasar.akabana.yui.framework.core.YuiFrameworkControllerBase</symbol>    <symbol>org.seasar.akabana.yui.framework.core.YuiFrameworkControllerCore</symbol>    <symbol>org.seasar.akabana.yui.framework.core.YuiFrameworkSettings</symbol>    <symbol>org.seasar.akabana.yui.framework.customizer.AbstractComponentCustomizer</symbol>    <symbol>org.seasar.akabana.yui.framework.customizer.AbstractComponentEventCustomizer</symbol>    <symbol>org.seasar.akabana.yui.framework.customizer.AbstractComponentEventListenerCustomizer</symbol>    <symbol>org.seasar.akabana.yui.framework.customizer.ActionCustomizer</symbol>    <symbol>org.seasar.akabana.yui.framework.customizer.BehaviorCustomizer</symbol>    <symbol>org.seasar.akabana.yui.framework.customizer.EventHandlerCustomizer</symbol>    <symbol>org.seasar.akabana.yui.framework.customizer.HelperCustomizer</symbol>    <symbol>org.seasar.akabana.yui.framework.customizer.IComponentCustomizer</symbol>    <symbol>org.seasar.akabana.yui.framework.customizer.IElementCustomizer</symbol>    <symbol>org.seasar.akabana.yui.framework.customizer.IViewCustomizer</symbol>    <symbol>org.seasar.akabana.yui.framework.customizer.ValidatorCustomizer</symbol>    <symbol>org.seasar.akabana.yui.framework.error.ComponentDuplicatedRegistrationError</symbol>    <symbol>org.seasar.akabana.yui.framework.error.YuiFrameworkError</symbol>    <symbol>org.seasar.akabana.yui.framework.event.RuntimeErrorEvent</symbol>    <symbol>org.seasar.akabana.yui.framework.event.YuiFrameworkEvent</symbol>    <symbol>org.seasar.akabana.yui.framework.logging.Logging</symbol>    <symbol>org.seasar.akabana.yui.framework.logging.SimpleLogger</symbol>    <symbol>org.seasar.akabana.yui.framework.logging.debug</symbol>    <symbol>org.seasar.akabana.yui.framework.logging.info</symbol>    <symbol>org.seasar.akabana.yui.framework.message.MessageManager</symbol>    <symbol>org.seasar.akabana.yui.framework.message.Messages</symbol>    <symbol>org.seasar.akabana.yui.framework.mixin.YuiFrameworkMixin</symbol>    <symbol>org.seasar.akabana.yui.framework.ns.action</symbol>    <symbol>org.seasar.akabana.yui.framework.ns.behavior</symbol>    <symbol>org.seasar.akabana.yui.framework.ns.handler</symbol>    <symbol>org.seasar.akabana.yui.framework.ns.helper</symbol>    <symbol>org.seasar.akabana.yui.framework.ns.viewpart</symbol>    <symbol>org.seasar.akabana.yui.framework.rule.IAction</symbol>    <symbol>org.seasar.akabana.yui.framework.rule.IBehavior</symbol>    <symbol>org.seasar.akabana.yui.framework.rule.IHelper</symbol>    <symbol>org.seasar.akabana.yui.framework.rule.IStateful</symbol>    <symbol>org.seasar.akabana.yui.framework.rule.IStateless</symbol>    <symbol>org.seasar.akabana.yui.framework.rule.IValidator</symbol>    <symbol>org.seasar.akabana.yui.framework.util.PopUpUtil</symbol>    <symbol>org.seasar.akabana.yui.framework.util.StyleManagerUtil</symbol>    <symbol>org.seasar.akabana.yui.framework.util.SystemManagerUtil</symbol>    <symbol>org.seasar.akabana.yui.framework.util.UIComponentUtil</symbol>      <symbol>org.seasar.akabana.yui.framework.YuiApplication</symbol>    <symbol>org.seasar.akabana.yui.framework.bridge.Flex3FrameworkBridgePlugin</symbol>    <symbol>org.seasar.akabana.yui.framework.convention.Flex3NamingConvention</symbol>  </includes>  </flex-config>