<?xml version="1.0" encoding="UTF-8" standalone="no"?><flex-config includeAllClasses="false" version="1">  <includes>    <symbol>getCanonicalName</symbol>    <symbol>getClassRef</symbol>    <symbol>org.seasar.akabana.yui.core.ClassLoader</symbol>    <symbol>org.seasar.akabana.yui.core.Environment</symbol>    <symbol>org.seasar.akabana.yui.core.error.ClassNotFoundError</symbol>    <symbol>org.seasar.akabana.yui.core.error.NotFoundError</symbol>    <symbol>org.seasar.akabana.yui.core.reflection.AnnotatedObjectRef</symbol>    <symbol>org.seasar.akabana.yui.core.reflection.AnnotatedReflector</symbol>    <symbol>org.seasar.akabana.yui.core.reflection.ClassRef</symbol>    <symbol>org.seasar.akabana.yui.core.reflection.Constructor</symbol>    <symbol>org.seasar.akabana.yui.core.reflection.FunctionRef</symbol>    <symbol>org.seasar.akabana.yui.core.reflection.MetadataRef</symbol>    <symbol>org.seasar.akabana.yui.core.reflection.ObjectRef</symbol>    <symbol>org.seasar.akabana.yui.core.reflection.ParameterRef</symbol>    <symbol>org.seasar.akabana.yui.core.reflection.PropertyRef</symbol>    <symbol>org.seasar.akabana.yui.core.reflection.Reflector</symbol>    <symbol>org.seasar.akabana.yui.core.yui_internal</symbol>    <symbol>org.seasar.akabana.yui.formatter.DateFormatter</symbol>    <symbol>org.seasar.akabana.yui.formatter.Formatter</symbol>    <symbol>org.seasar.akabana.yui.formatter.StringFormatter</symbol>    <symbol>org.seasar.akabana.yui.formatter.TokenInfo</symbol>    <symbol>org.seasar.akabana.yui.formatter.error.FormatError</symbol>    <symbol>org.seasar.akabana.yui.formatter.naming.DateFormatNaming</symbol>    <symbol>org.seasar.akabana.yui.formatter.naming.IDateFormatNaming</symbol>    <symbol>org.seasar.akabana.yui.resources.embed.EmbedXmlReader</symbol>    <symbol>org.seasar.akabana.yui.util.ArrayUtil</symbol>    <symbol>org.seasar.akabana.yui.util.StringUtil</symbol>    <symbol>org.seasar.akabana.yui.util.URLUtil</symbol>      <symbol>org.seasar.akabana.yui.logging.config.ConfigurationProvider</symbol>    <symbol>org.seasar.akabana.yui.logging.Level</symbol>    <symbol>org.seasar.akabana.yui.logging.config.factory.IConfigurationFactory</symbol>    <symbol>org.seasar.akabana.yui.logging.config.factory.DefaultConfigurationFactory</symbol>    <symbol>org.seasar.akabana.yui.logging.LoggingData</symbol>    <symbol>org.seasar.akabana.yui.logging.config.LevelConfig</symbol>    <symbol>org.seasar.akabana.yui.logging.config.CategoryConfig</symbol>    <symbol>org.seasar.akabana.yui.logging.config.LayoutConfig</symbol>    <symbol>org.seasar.akabana.yui.logging.category.CategoryBase</symbol>    <symbol>org.seasar.akabana.yui.logging.category.SimpleCategory</symbol>    <symbol>org.seasar.akabana.yui.logging.appender.SimpleAppender</symbol>    <symbol>org.seasar.akabana.yui.logging.config.AppenderConfig</symbol>    <symbol>org.seasar.akabana.yui.logging.appender.AppenderBase</symbol>    <symbol>org.seasar.akabana.yui.logging.Appender</symbol>    <symbol>org.seasar.akabana.yui.logging.Layout</symbol>    <symbol>org.seasar.akabana.yui.logging.Logger</symbol>    <symbol>org.seasar.akabana.yui.logging.layout.SimpleLayout</symbol>    <symbol>org.seasar.akabana.yui.logging.layout.LayoutBase</symbol>    <symbol>org.seasar.akabana.yui.logging.layout.PatternLayout</symbol>    <symbol>org.seasar.akabana.yui.logging.LogManager</symbol>    <symbol>org.seasar.akabana.yui.logging.config.Configuration</symbol>    <symbol>org.seasar.akabana.yui.logging.Category</symbol>    <symbol>org.seasar.akabana.yui.logging.config.ParamConfig</symbol>      <symbol>org.seasar.akabana.yui.framework.customizer.ServiceCustomizer</symbol>    <symbol>org.seasar.akabana.yui.service.Operation</symbol>    <symbol>org.seasar.akabana.yui.service.OperationWatcher</symbol>    <symbol>org.seasar.akabana.yui.service.PendingCall</symbol>    <symbol>org.seasar.akabana.yui.service.Service</symbol>    <symbol>org.seasar.akabana.yui.service.ServiceManager</symbol>    <symbol>org.seasar.akabana.yui.service.error.ErrorCode</symbol>    <symbol>org.seasar.akabana.yui.service.error.IllegalDestinationError</symbol>    <symbol>org.seasar.akabana.yui.service.error.IllegalGatewayError</symbol>    <symbol>org.seasar.akabana.yui.service.error.IllegalOperationError</symbol>    <symbol>org.seasar.akabana.yui.service.event.AbstractServiceEvent</symbol>    <symbol>org.seasar.akabana.yui.service.event.FaultEvent</symbol>    <symbol>org.seasar.akabana.yui.service.event.FaultStatus</symbol>    <symbol>org.seasar.akabana.yui.service.event.InvokeEvent</symbol>    <symbol>org.seasar.akabana.yui.service.event.ResultEvent</symbol>    <symbol>org.seasar.akabana.yui.service.ns.rpc_fault</symbol>    <symbol>org.seasar.akabana.yui.service.ns.rpc_result</symbol>    <symbol>org.seasar.akabana.yui.service.resonder.AbstractResponder</symbol>    <symbol>org.seasar.akabana.yui.service.resonder.Responder</symbol>    <symbol>org.seasar.akabana.yui.service.resonder.ResponderFactory</symbol>    <symbol>org.seasar.akabana.yui.service.util.GatewayUtil</symbol>      <symbol>org.seasar.akabana.yui.framework.YuiFrameworkGlobals</symbol>    <symbol>org.seasar.akabana.yui.framework.bridge.FrameworkBridge</symbol>    <symbol>org.seasar.akabana.yui.framework.bridge.IFrameworkBridgePlugin</symbol>    <symbol>org.seasar.akabana.yui.framework.convention.NamingConvention</symbol>    <symbol>org.seasar.akabana.yui.framework.core.ILifeCyclable</symbol>    <symbol>org.seasar.akabana.yui.framework.core.IYuiFrameworkContainer</symbol>    <symbol>org.seasar.akabana.yui.framework.core.ViewComponentRepository</symbol>    <symbol>org.seasar.akabana.yui.framework.core.YuiFrameworkContainer</symbol>    <symbol>org.seasar.akabana.yui.framework.core.YuiFrameworkContainerBase</symbol>    <symbol>org.seasar.akabana.yui.framework.core.YuiFrameworkSettings</symbol>    <symbol>org.seasar.akabana.yui.framework.core.event.FrameworkEvent</symbol>    <symbol>org.seasar.akabana.yui.framework.core.event.RuntimeErrorEvent</symbol>    <symbol>org.seasar.akabana.yui.framework.customizer.AbstractComponentCustomizer</symbol>    <symbol>org.seasar.akabana.yui.framework.customizer.AbstractComponentEventCustomizer</symbol>    <symbol>org.seasar.akabana.yui.framework.customizer.AbstractEventListenerCustomizer</symbol>    <symbol>org.seasar.akabana.yui.framework.customizer.ActionCustomizer</symbol>    <symbol>org.seasar.akabana.yui.framework.customizer.BehaviorCustomizer</symbol>    <symbol>org.seasar.akabana.yui.framework.customizer.EventHandlerCustomizer</symbol>    <symbol>org.seasar.akabana.yui.framework.customizer.HelperCustomizer</symbol>    <symbol>org.seasar.akabana.yui.framework.customizer.IComponentCustomizer</symbol>    <symbol>org.seasar.akabana.yui.framework.customizer.IElementCustomizer</symbol>    <symbol>org.seasar.akabana.yui.framework.customizer.IViewCustomizer</symbol>    <symbol>org.seasar.akabana.yui.framework.error.ComponentDuplicatedRegistrationError</symbol>    <symbol>org.seasar.akabana.yui.framework.error.YuiFrameworkContainerError</symbol>    <symbol>org.seasar.akabana.yui.framework.event.Command</symbol>    <symbol>org.seasar.akabana.yui.framework.event.Notification</symbol>    <symbol>org.seasar.akabana.yui.framework.message.MessageManager</symbol>    <symbol>org.seasar.akabana.yui.framework.message.Messages</symbol>    <symbol>org.seasar.akabana.yui.framework.mixin.YuiFrameworkMixin</symbol>    <symbol>org.seasar.akabana.yui.framework.ns.action</symbol>    <symbol>org.seasar.akabana.yui.framework.ns.behavior</symbol>    <symbol>org.seasar.akabana.yui.framework.ns.handler</symbol>    <symbol>org.seasar.akabana.yui.framework.ns.helper</symbol>    <symbol>org.seasar.akabana.yui.framework.ns.logic</symbol>    <symbol>org.seasar.akabana.yui.framework.ns.service</symbol>    <symbol>org.seasar.akabana.yui.framework.ns.view</symbol>    <symbol>org.seasar.akabana.yui.framework.util.PopUpUtil</symbol>    <symbol>org.seasar.akabana.yui.framework.util.StyleManagerUtil</symbol>    <symbol>org.seasar.akabana.yui.framework.util.SystemManagerUtil</symbol>    <symbol>org.seasar.akabana.yui.framework.util.UIComponentUtil</symbol>    <symbol>org.seasar.akabana.yui.logging.config.factory.LogConfigurationFactory</symbol>    <symbol>org.seasar.akabana.yui.logging.config.factory.PropertiesConfigurationBuilder</symbol>      <symbol>org.seasar.akabana.yui.framework.YuiApplication</symbol>    <symbol>org.seasar.akabana.yui.framework.bridge.Flex3FrameworkBridgePlugin</symbol>    <symbol>org.seasar.akabana.yui.framework.convention.Flex3NamingConvention</symbol>  </includes>  </flex-config>